{"cameraMode":{"drawMode":0,"name":"Shaded","section":"Shading Mode"},"sceneLighting":true,"audioPlay":false,"sceneViewState":{"showFog":true,"showMaterialUpdate":false,"showSkybox":true,"showFlares":true,"showImageEffects":true,"showParticleSystems":true},"in2DMode":false,"pivot":{"x":-490.0791015625,"y":-654.6010131835938,"z":-182.640869140625},"rotation":{"x":-0.22647319734096528,"y":0.7546707391738892,"z":-0.3278267979621887,"w":-0.5213106870651245},"size":1304.259521484375,"orthographic":false}