{"cameraMode":{"drawMode":0,"name":"Shaded","section":"Shading Mode"},"sceneLighting":true,"audioPlay":false,"sceneViewState":{"showFog":true,"showMaterialUpdate":false,"showSkybox":true,"showFlares":true,"showImageEffects":true,"showParticleSystems":true},"in2DMode":false,"pivot":{"x":637.455322265625,"y":186.43667602539063,"z":1210.5533447265625},"rotation":{"x":-0.04378501698374748,"y":-0.02818736806511879,"z":0.001218401943333447,"w":-0.9986833333969116},"size":1992.6676025390625,"orthographic":false}