{"cameraMode":{"drawMode":0,"name":"Shaded","section":"Shading Mode"},"sceneLighting":true,"audioPlay":false,"sceneViewState":{"showFog":true,"showMaterialUpdate":false,"showSkybox":true,"showFlares":true,"showImageEffects":true,"showParticleSystems":true},"in2DMode":false,"pivot":{"x":595.9848022460938,"y":312.4269714355469,"z":37.6278076171875},"rotation":{"x":-0.2073071151971817,"y":0.0032093774061650039,"z":-0.0006948526133783162,"w":-0.9783111214637756},"size":725.6611328125,"orthographic":false}