{"cameraMode":{"drawMode":0,"name":"Shaded","section":"Shading Mode"},"sceneLighting":true,"audioPlay":false,"sceneViewState":{"showFog":true,"showMaterialUpdate":false,"showSkybox":true,"showFlares":true,"showImageEffects":true,"showParticleSystems":true},"in2DMode":false,"pivot":{"x":14.779342651367188,"y":-7.669933795928955,"z":24.945877075195314},"rotation":{"x":-0.013812946155667305,"y":-0.014716919511556626,"z":0.0002156118571292609,"w":-0.9998211860656738},"size":225.8802947998047,"orthographic":false}