{"cameraMode":{"drawMode":0,"name":"Shaded","section":"Shading Mode"},"sceneLighting":true,"audioPlay":false,"sceneViewState":{"showFog":true,"showMaterialUpdate":false,"showSkybox":true,"showFlares":true,"showImageEffects":true,"showParticleSystems":true},"in2DMode":false,"pivot":{"x":-243.08413696289063,"y":9.883506774902344,"z":359.3713684082031},"rotation":{"x":-0.11406086385250092,"y":0.012200407683849335,"z":-0.001424148096702993,"w":-0.9934361577033997},"size":291.0152893066406,"orthographic":false}